               epoch,      train/box_loss,      train/obj_loss,      train/cls_loss,   metrics/precision,      metrics/recall,     metrics/mAP_0.5,metrics/mAP_0.5:0.95,        val/box_loss,        val/obj_loss,        val/cls_loss,               x/lr0,               x/lr1,               x/lr2
                   0,              0.1184,            0.029119,                   0,           0.0017391,               0.375,           0.0029539,           0.0008419,              0.1001,            0.020991,                   0,              0.0775,              0.0025,              0.0025
                   1,             0.10221,            0.022997,                   0,           0.0021739,             0.46875,           0.0028345,          0.00065701,            0.089447,            0.016746,                   0,            0.054083,           0.0050832,           0.0050832
                   2,            0.094249,             0.02019,                   0,           0.0028986,               0.625,           0.0056243,           0.0015268,            0.083638,            0.015195,                   0,            0.030649,           0.0076492,           0.0076492
                   3,            0.085702,            0.020234,                   0,           0.0036232,             0.78125,           0.0081669,           0.0020209,            0.082395,            0.014437,                   0,            0.009901,            0.009901,            0.009901
                   4,            0.082948,             0.01894,                   0,           0.0036232,             0.78125,             0.01013,           0.0023947,            0.078271,            0.015199,                   0,            0.009901,            0.009901,            0.009901
                   5,             0.07469,            0.021638,                   0,           0.0044928,             0.96875,               0.179,            0.035573,            0.065934,            0.016962,                   0,            0.009868,            0.009868,            0.009868
                   6,            0.073139,            0.021953,                   0,            0.039335,              0.8125,             0.21764,            0.034168,            0.067614,            0.015825,                   0,            0.009835,            0.009835,            0.009835
                   7,            0.068431,            0.019106,                   0,             0.19482,             0.53125,              0.2469,            0.044136,            0.063971,            0.016044,                   0,            0.009802,            0.009802,            0.009802
                   8,            0.066128,            0.019203,                   0,             0.31939,             0.51342,             0.34868,            0.092371,            0.064731,            0.015798,                   0,            0.009769,            0.009769,            0.009769
                   9,            0.064317,            0.020222,                   0,             0.17735,              0.5625,             0.33674,             0.13662,            0.060924,             0.01603,                   0,            0.009736,            0.009736,            0.009736
                  10,            0.060415,             0.02047,                   0,             0.33597,             0.40625,             0.36315,             0.13694,            0.054289,            0.016049,                   0,            0.009703,            0.009703,            0.009703
                  11,            0.057221,            0.020773,                   0,              0.3572,             0.50368,             0.32964,             0.15277,            0.053345,            0.016223,                   0,             0.00967,             0.00967,             0.00967
                  12,            0.057805,            0.018594,                   0,             0.41903,               0.375,             0.39329,             0.21606,            0.051003,            0.016582,                   0,            0.009637,            0.009637,            0.009637
                  13,            0.056223,            0.018631,                   0,             0.25067,             0.46875,             0.23436,            0.083198,            0.057485,            0.015929,                   0,            0.009604,            0.009604,            0.009604
                  14,            0.054547,            0.018465,                   0,             0.43176,                 0.5,             0.41793,             0.13717,            0.053095,            0.016206,                   0,            0.009571,            0.009571,            0.009571
                  15,            0.054552,            0.020949,                   0,             0.37068,              0.4375,             0.31284,             0.11734,            0.057438,            0.014931,                   0,            0.009538,            0.009538,            0.009538
                  16,             0.05277,            0.018404,                   0,             0.31506,              0.5625,             0.37472,             0.19394,            0.048218,            0.015693,                   0,            0.009505,            0.009505,            0.009505
                  17,            0.052534,            0.018433,                   0,             0.51512,             0.53125,             0.47543,             0.22159,            0.047722,            0.015413,                   0,            0.009472,            0.009472,            0.009472
                  18,            0.051006,            0.019887,                   0,             0.46356,             0.59412,             0.34908,             0.16569,            0.049711,            0.015391,                   0,            0.009439,            0.009439,            0.009439
                  19,            0.048427,             0.01865,                   0,             0.53836,             0.53125,             0.49155,             0.23454,            0.046224,             0.01564,                   0,            0.009406,            0.009406,            0.009406
                  20,            0.049239,            0.018044,                   0,             0.52592,             0.58944,              0.4828,             0.23901,            0.048407,            0.014322,                   0,            0.009373,            0.009373,            0.009373
                  21,             0.05033,            0.017578,                   0,             0.71334,              0.5625,             0.48378,             0.25083,            0.045654,            0.015668,                   0,             0.00934,             0.00934,             0.00934
                  22,            0.047587,            0.017169,                   0,             0.60254,               0.625,             0.50462,             0.25452,            0.047358,            0.014836,                   0,            0.009307,            0.009307,            0.009307
                  23,            0.045012,            0.015845,                   0,             0.57692,             0.59666,             0.46545,             0.26812,            0.046552,            0.014215,                   0,            0.009274,            0.009274,            0.009274
                  24,            0.046861,            0.018888,                   0,             0.63648,             0.59375,              0.5054,             0.33136,            0.042451,            0.013989,                   0,            0.009241,            0.009241,            0.009241
                  25,            0.045479,            0.016521,                   0,             0.67226,             0.57717,             0.46781,             0.27728,            0.046707,            0.013938,                   0,            0.009208,            0.009208,            0.009208
                  26,            0.047319,             0.01619,                   0,             0.66961,                 0.5,              0.5507,             0.29738,            0.046628,             0.01487,                   0,            0.009175,            0.009175,            0.009175
                  27,            0.047231,            0.016936,                   0,             0.72558,              0.5787,             0.55468,              0.2713,            0.049779,            0.013847,                   0,            0.009142,            0.009142,            0.009142
                  28,             0.04613,             0.01542,                   0,             0.65412,             0.59375,             0.54748,             0.26344,            0.042741,            0.014287,                   0,            0.009109,            0.009109,            0.009109
                  29,            0.045801,            0.016481,                   0,             0.48756,             0.46875,             0.39439,             0.21749,            0.049882,            0.015142,                   0,            0.009076,            0.009076,            0.009076
                  30,            0.044053,            0.015706,                   0,             0.61356,                 0.5,             0.49088,             0.25551,             0.04338,            0.015074,                   0,            0.009043,            0.009043,            0.009043
                  31,            0.042614,              0.0164,                   0,             0.66932,             0.59375,             0.52905,             0.31382,            0.040788,            0.015049,                   0,             0.00901,             0.00901,             0.00901
                  32,            0.042271,             0.01773,                   0,             0.72225,             0.59375,             0.53973,             0.26415,            0.040711,            0.015414,                   0,            0.008977,            0.008977,            0.008977
                  33,            0.045354,            0.014645,                   0,             0.47733,             0.59375,             0.46188,             0.27604,            0.043164,            0.015023,                   0,            0.008944,            0.008944,            0.008944
                  34,            0.041429,            0.015953,                   0,               0.684,             0.65625,             0.56685,             0.31813,            0.041616,            0.013311,                   0,            0.008911,            0.008911,            0.008911
                  35,            0.041047,            0.015665,                   0,             0.62166,              0.5649,             0.50415,              0.2635,            0.045216,            0.013491,                   0,            0.008878,            0.008878,            0.008878
                  36,            0.039907,            0.013956,                   0,             0.65399,             0.53159,             0.50967,             0.27532,            0.049302,            0.014667,                   0,            0.008845,            0.008845,            0.008845
                  37,            0.042837,            0.014357,                   0,             0.70188,             0.58876,             0.55739,             0.30922,            0.046228,            0.012999,                   0,            0.008812,            0.008812,            0.008812
                  38,             0.03984,            0.015157,                   0,             0.67107,               0.625,              0.5678,             0.34409,            0.043075,            0.012902,                   0,            0.008779,            0.008779,            0.008779
                  39,            0.039789,            0.013837,                   0,             0.69035,              0.5625,             0.56925,             0.27999,            0.045679,            0.013477,                   0,            0.008746,            0.008746,            0.008746
                  40,            0.039972,            0.015228,                   0,             0.61438,             0.64743,              0.5632,             0.35857,            0.039412,            0.013615,                   0,            0.008713,            0.008713,            0.008713
                  41,            0.041002,            0.014311,                   0,             0.72406,              0.5625,             0.53897,             0.23443,            0.045068,            0.014493,                   0,             0.00868,             0.00868,             0.00868
                  42,             0.03914,            0.013887,                   0,             0.63326,             0.65625,             0.56382,             0.29103,            0.042863,             0.01368,                   0,            0.008647,            0.008647,            0.008647
                  43,            0.038408,            0.013462,                   0,             0.60728,             0.65625,             0.57795,              0.3392,            0.041403,            0.013312,                   0,            0.008614,            0.008614,            0.008614
                  44,            0.037352,            0.013428,                   0,             0.59848,             0.65222,             0.58865,             0.34786,            0.042685,            0.013169,                   0,            0.008581,            0.008581,            0.008581
                  45,            0.038949,             0.01412,                   0,             0.62909,             0.59375,             0.56397,             0.32999,            0.042949,            0.013329,                   0,            0.008548,            0.008548,            0.008548
                  46,            0.038132,            0.013695,                   0,             0.59219,             0.63551,             0.55494,             0.31948,            0.043168,            0.013134,                   0,            0.008515,            0.008515,            0.008515
                  47,            0.037854,            0.015364,                   0,             0.65328,             0.71875,             0.56466,             0.30755,            0.043215,            0.013502,                   0,            0.008482,            0.008482,            0.008482
                  48,            0.039672,            0.014252,                   0,              0.6145,             0.59789,             0.50174,             0.26484,             0.04691,            0.013886,                   0,            0.008449,            0.008449,            0.008449
                  49,            0.041069,            0.013826,                   0,             0.68676,               0.625,             0.56963,             0.32249,            0.045443,            0.012907,                   0,            0.008416,            0.008416,            0.008416
                  50,            0.038448,            0.013382,                   0,             0.66226,             0.59375,             0.57865,             0.31314,             0.04359,            0.013504,                   0,            0.008383,            0.008383,            0.008383
                  51,            0.038138,            0.012862,                   0,             0.68259,             0.60507,             0.55964,             0.35837,            0.042711,            0.012813,                   0,             0.00835,             0.00835,             0.00835
                  52,            0.040059,            0.013469,                   0,             0.65303,             0.65625,             0.59841,             0.35251,             0.04011,            0.012142,                   0,            0.008317,            0.008317,            0.008317
                  53,            0.038272,            0.013818,                   0,             0.63333,             0.59374,             0.56196,             0.34482,             0.04069,            0.014357,                   0,            0.008284,            0.008284,            0.008284
                  54,            0.036699,            0.014485,                   0,              0.6551,              0.5625,             0.57707,             0.34055,            0.040504,            0.013967,                   0,            0.008251,            0.008251,            0.008251
                  55,            0.037907,            0.013281,                   0,             0.56643,                 0.5,             0.45183,              0.2498,            0.043997,            0.015728,                   0,            0.008218,            0.008218,            0.008218
                  56,            0.036709,            0.012534,                   0,             0.77147,             0.52761,             0.57257,             0.31966,            0.040959,             0.01412,                   0,            0.008185,            0.008185,            0.008185
                  57,            0.038369,            0.013241,                   0,             0.69662,             0.53125,             0.55876,             0.33697,            0.040628,            0.014428,                   0,            0.008152,            0.008152,            0.008152
                  58,            0.035488,            0.012543,                   0,             0.67945,              0.5625,             0.57204,             0.33273,            0.038543,            0.014621,                   0,            0.008119,            0.008119,            0.008119
                  59,            0.034946,            0.013144,                   0,             0.67018,              0.5625,             0.55338,             0.36018,            0.038461,            0.015155,                   0,            0.008086,            0.008086,            0.008086
                  60,            0.036091,            0.012588,                   0,             0.72704,               0.625,             0.58505,             0.36321,            0.040534,            0.012661,                   0,            0.008053,            0.008053,            0.008053
                  61,            0.038942,            0.013392,                   0,             0.77846,             0.59375,              0.5831,             0.33785,             0.04166,            0.013014,                   0,             0.00802,             0.00802,             0.00802
                  62,            0.034651,            0.012983,                   0,               0.624,             0.65625,              0.5848,             0.36969,            0.041704,            0.012801,                   0,            0.007987,            0.007987,            0.007987
                  63,             0.03671,            0.011779,                   0,             0.64844,             0.63425,             0.56842,             0.34579,            0.039812,            0.013698,                   0,            0.007954,            0.007954,            0.007954
                  64,            0.034538,            0.012384,                   0,             0.70273,             0.59109,             0.53931,             0.34058,            0.040688,            0.015187,                   0,            0.007921,            0.007921,            0.007921
                  65,            0.036576,            0.012706,                   0,             0.69152,             0.56051,             0.48876,              0.3181,            0.043523,            0.017088,                   0,            0.007888,            0.007888,            0.007888
                  66,            0.035931,            0.013283,                   0,             0.75843,             0.58884,             0.54961,             0.32024,            0.042271,            0.015335,                   0,            0.007855,            0.007855,            0.007855
                  67,            0.034744,            0.012621,                   0,             0.60874,               0.625,             0.51868,             0.32558,            0.040539,            0.013936,                   0,            0.007822,            0.007822,            0.007822
                  68,            0.033439,             0.01256,                   0,             0.68383,             0.53125,             0.49261,             0.31699,            0.046384,            0.017964,                   0,            0.007789,            0.007789,            0.007789
                  69,            0.036163,              0.0134,                   0,             0.66637,             0.68661,             0.57426,             0.38631,            0.038316,            0.013289,                   0,            0.007756,            0.007756,            0.007756
                  70,            0.033286,            0.012355,                   0,               0.652,             0.71875,             0.61633,             0.37793,            0.035504,            0.012266,                   0,            0.007723,            0.007723,            0.007723
                  71,            0.035148,            0.012322,                   0,              0.7392,             0.62018,             0.61013,             0.37232,            0.037176,            0.013287,                   0,             0.00769,             0.00769,             0.00769
                  72,            0.033476,            0.014369,                   0,             0.51046,             0.61924,             0.44758,             0.24482,             0.04584,            0.015118,                   0,            0.007657,            0.007657,            0.007657
                  73,            0.034539,            0.012803,                   0,             0.63735,             0.65914,              0.5664,             0.32856,            0.042484,             0.01371,                   0,            0.007624,            0.007624,            0.007624
                  74,            0.032225,             0.01263,                   0,             0.68208,              0.6875,             0.60174,             0.40816,            0.037405,            0.012939,                   0,            0.007591,            0.007591,            0.007591
                  75,             0.03212,            0.010653,                   0,             0.67952,             0.65625,             0.61386,             0.37929,            0.038083,            0.013209,                   0,            0.007558,            0.007558,            0.007558
                  76,            0.032276,            0.012402,                   0,             0.61477,             0.65625,              0.5974,             0.40118,            0.038556,            0.013535,                   0,            0.007525,            0.007525,            0.007525
                  77,            0.032022,            0.012211,                   0,             0.79145,             0.65625,             0.67379,             0.37538,             0.04025,            0.012056,                   0,            0.007492,            0.007492,            0.007492
                  78,            0.032758,            0.012831,                   0,             0.69417,              0.7095,             0.62271,             0.38388,            0.036773,             0.01278,                   0,            0.007459,            0.007459,            0.007459
                  79,            0.031654,            0.012567,                   0,             0.64113,               0.625,             0.52274,              0.3074,            0.040422,            0.014053,                   0,            0.007426,            0.007426,            0.007426
                  80,             0.03342,            0.012051,                   0,             0.65034,               0.625,              0.5565,             0.34367,            0.039209,            0.014701,                   0,            0.007393,            0.007393,            0.007393
                  81,            0.033287,             0.01191,                   0,             0.70326,               0.625,             0.60404,             0.37969,            0.038761,            0.013598,                   0,             0.00736,             0.00736,             0.00736
                  82,            0.032867,            0.012537,                   0,             0.69359,             0.65625,             0.61681,             0.36866,            0.038437,            0.012895,                   0,            0.007327,            0.007327,            0.007327
                  83,            0.029476,           0.0098334,                   0,             0.63931,             0.59375,             0.55302,             0.32143,            0.039565,            0.013335,                   0,            0.007294,            0.007294,            0.007294
                  84,            0.031878,            0.011973,                   0,             0.61401,             0.59375,             0.54341,              0.3372,            0.039174,            0.013878,                   0,            0.007261,            0.007261,            0.007261
                  85,            0.033673,            0.011797,                   0,             0.60401,             0.59375,             0.51989,             0.32087,            0.042365,            0.015249,                   0,            0.007228,            0.007228,            0.007228
                  86,            0.033717,            0.011557,                   0,             0.56753,               0.625,             0.55827,             0.30698,            0.043866,             0.01499,                   0,            0.007195,            0.007195,            0.007195
                  87,            0.033252,            0.010783,                   0,             0.56314,               0.625,             0.52909,              0.3032,             0.04041,            0.014701,                   0,            0.007162,            0.007162,            0.007162
                  88,             0.03166,            0.011444,                   0,             0.65177,             0.65625,             0.54152,             0.30215,            0.040849,            0.014024,                   0,            0.007129,            0.007129,            0.007129
                  89,            0.032187,            0.010638,                   0,             0.63495,             0.65235,             0.54311,              0.3442,            0.041033,            0.012862,                   0,            0.007096,            0.007096,            0.007096
                  90,            0.031189,            0.011318,                   0,             0.65526,             0.65347,             0.56579,             0.37141,            0.041742,            0.012829,                   0,            0.007063,            0.007063,            0.007063
                  91,            0.030129,            0.011796,                   0,              0.6292,             0.65625,             0.53178,               0.329,            0.042217,            0.012945,                   0,             0.00703,             0.00703,             0.00703
                  92,            0.030909,             0.01285,                   0,             0.67536,             0.65025,             0.55033,             0.35884,            0.042361,            0.012707,                   0,            0.006997,            0.006997,            0.006997
                  93,             0.03069,            0.012068,                   0,              0.7557,             0.59375,             0.61937,             0.39203,            0.043291,            0.012619,                   0,            0.006964,            0.006964,            0.006964
                  94,            0.032658,            0.011498,                   0,             0.62684,             0.65625,             0.62036,             0.38015,            0.043654,            0.014248,                   0,            0.006931,            0.006931,            0.006931
                  95,            0.032169,            0.011096,                   0,             0.58776,              0.6875,             0.59721,             0.37278,            0.041956,            0.014664,                   0,            0.006898,            0.006898,            0.006898
                  96,            0.031738,            0.010932,                   0,             0.67831,             0.46151,             0.49579,             0.34083,            0.038606,            0.015042,                   0,            0.006865,            0.006865,            0.006865
                  97,            0.031545,            0.010416,                   0,             0.67955,             0.53019,             0.55387,             0.37038,            0.038703,            0.014739,                   0,            0.006832,            0.006832,            0.006832
                  98,            0.030008,            0.010285,                   0,             0.69026,             0.65625,             0.59852,             0.40009,            0.036111,            0.013914,                   0,            0.006799,            0.006799,            0.006799
                  99,            0.030076,            0.010355,                   0,             0.66305,               0.625,             0.57794,             0.38662,             0.03807,            0.013445,                   0,            0.006766,            0.006766,            0.006766
                 100,            0.028939,            0.011009,                   0,              0.5642,             0.59375,             0.52696,             0.31749,            0.042308,            0.016374,                   0,            0.006733,            0.006733,            0.006733
                 101,            0.030989,            0.011619,                   0,             0.65104,              0.5625,             0.54221,             0.34506,            0.040372,            0.014674,                   0,              0.0067,              0.0067,              0.0067
                 102,            0.030532,            0.011221,                   0,             0.56148,             0.53125,             0.49386,             0.33129,            0.041393,            0.014976,                   0,            0.006667,            0.006667,            0.006667
                 103,            0.029661,            0.009955,                   0,              0.5737,             0.58891,             0.48411,             0.28886,            0.041874,            0.015193,                   0,            0.006634,            0.006634,            0.006634
                 104,            0.029087,            0.010961,                   0,             0.60648,             0.62614,             0.57943,             0.38587,            0.038764,            0.014465,                   0,            0.006601,            0.006601,            0.006601
                 105,            0.030456,            0.011327,                   0,             0.77596,             0.64959,             0.62934,              0.3935,            0.041056,            0.012952,                   0,            0.006568,            0.006568,            0.006568
                 106,            0.026937,            0.010821,                   0,             0.66523,             0.65625,             0.59967,             0.39985,            0.041816,            0.012378,                   0,            0.006535,            0.006535,            0.006535
                 107,            0.029182,            0.010248,                   0,             0.70189,             0.58878,             0.55687,             0.37287,            0.041647,            0.013114,                   0,            0.006502,            0.006502,            0.006502
                 108,             0.02967,            0.010751,                   0,             0.54385,             0.59375,             0.48116,             0.28641,            0.042605,            0.015199,                   0,            0.006469,            0.006469,            0.006469
                 109,            0.030741,            0.010511,                   0,             0.48344,                 0.5,             0.43127,             0.26886,            0.044665,             0.01562,                   0,            0.006436,            0.006436,            0.006436
                 110,            0.031266,            0.011202,                   0,              0.6157,             0.59375,             0.51079,             0.32942,            0.043037,            0.015368,                   0,            0.006403,            0.006403,            0.006403
                 111,            0.029633,            0.010956,                   0,             0.55481,               0.625,             0.52567,             0.34516,             0.04459,            0.013729,                   0,             0.00637,             0.00637,             0.00637
                 112,            0.028399,            0.010708,                   0,             0.64254,             0.59375,             0.54087,             0.36411,            0.042773,            0.013851,                   0,            0.006337,            0.006337,            0.006337
                 113,            0.029158,           0.0099899,                   0,             0.63946,             0.55447,             0.53604,              0.3624,            0.038961,            0.014373,                   0,            0.006304,            0.006304,            0.006304
                 114,            0.030165,            0.011388,                   0,             0.62544,              0.4375,             0.47065,             0.32437,            0.042686,             0.01704,                   0,            0.006271,            0.006271,            0.006271
                 115,            0.028648,            0.009597,                   0,             0.67281,             0.46875,             0.50687,               0.349,            0.040402,            0.016297,                   0,            0.006238,            0.006238,            0.006238
                 116,            0.026959,           0.0094681,                   0,             0.51911,              0.5625,             0.49747,             0.33666,            0.042772,            0.015657,                   0,            0.006205,            0.006205,            0.006205
                 117,            0.027273,            0.010494,                   0,             0.53719,             0.53125,             0.42517,             0.26764,            0.039976,              0.0158,                   0,            0.006172,            0.006172,            0.006172
                 118,            0.027194,            0.010738,                   0,             0.60139,             0.56587,             0.52544,             0.35382,            0.038204,            0.015623,                   0,            0.006139,            0.006139,            0.006139
                 119,            0.027254,            0.010954,                   0,             0.65493,             0.59375,             0.54903,             0.34224,            0.042915,            0.014817,                   0,            0.006106,            0.006106,            0.006106
                 120,            0.026675,           0.0097171,                   0,             0.64235,               0.625,             0.55004,             0.35052,            0.040565,             0.01434,                   0,            0.006073,            0.006073,            0.006073
                 121,             0.02882,             0.01145,                   0,             0.66253,             0.65625,              0.5747,             0.37326,            0.041937,            0.013353,                   0,             0.00604,             0.00604,             0.00604
                 122,            0.027755,            0.010233,                   0,             0.69535,             0.57084,             0.58851,             0.36877,            0.038086,            0.015193,                   0,            0.006007,            0.006007,            0.006007
                 123,            0.029131,            0.010306,                   0,             0.71395,              0.5625,             0.57581,             0.34335,            0.038729,            0.014901,                   0,            0.005974,            0.005974,            0.005974
                 124,            0.028608,           0.0098051,                   0,             0.69957,             0.65494,             0.55862,             0.35659,            0.039198,            0.015433,                   0,            0.005941,            0.005941,            0.005941
                 125,            0.028633,            0.009746,                   0,              0.6726,             0.65625,             0.58897,             0.38159,            0.040386,            0.013855,                   0,            0.005908,            0.005908,            0.005908
                 126,            0.025457,            0.010127,                   0,             0.60481,              0.6875,             0.56716,             0.39177,            0.039901,            0.013587,                   0,            0.005875,            0.005875,            0.005875
                 127,            0.027784,           0.0099759,                   0,             0.55188,             0.65432,             0.54427,             0.34275,            0.039512,            0.015556,                   0,            0.005842,            0.005842,            0.005842
                 128,            0.029553,            0.009869,                   0,             0.58284,             0.56773,              0.5297,             0.34027,            0.040387,            0.018123,                   0,            0.005809,            0.005809,            0.005809
                 129,            0.027932,           0.0098362,                   0,             0.60574,             0.57641,             0.48928,             0.34677,            0.042678,            0.017374,                   0,            0.005776,            0.005776,            0.005776
                 130,            0.026215,            0.010349,                   0,             0.56597,             0.65625,             0.53252,               0.396,            0.043648,            0.015697,                   0,            0.005743,            0.005743,            0.005743
                 131,            0.026662,            0.010038,                   0,             0.58692,             0.65625,             0.54163,             0.36926,            0.042726,            0.015742,                   0,             0.00571,             0.00571,             0.00571
                 132,            0.027139,            0.009407,                   0,             0.58809,             0.59375,             0.54921,             0.39445,            0.041225,            0.015067,                   0,            0.005677,            0.005677,            0.005677
                 133,            0.028963,           0.0096162,                   0,             0.54952,              0.6875,             0.58262,             0.39653,            0.039099,             0.01549,                   0,            0.005644,            0.005644,            0.005644
                 134,            0.026228,            0.010728,                   0,             0.58689,             0.65625,             0.56918,             0.40155,            0.039503,            0.015905,                   0,            0.005611,            0.005611,            0.005611
                 135,            0.025448,            0.010256,                   0,             0.68917,               0.625,             0.58972,             0.39447,            0.038799,            0.014791,                   0,            0.005578,            0.005578,            0.005578
                 136,            0.026578,            0.010122,                   0,             0.72776,             0.58502,             0.57005,             0.39435,            0.038732,             0.01568,                   0,            0.005545,            0.005545,            0.005545
                 137,            0.028988,            0.011239,                   0,             0.74587,             0.59375,             0.58763,             0.42331,            0.040197,             0.01525,                   0,            0.005512,            0.005512,            0.005512
                 138,            0.027073,           0.0098161,                   0,             0.72239,              0.6507,             0.60989,             0.39929,            0.039583,            0.013035,                   0,            0.005479,            0.005479,            0.005479
                 139,            0.026078,            0.010214,                   0,             0.64573,              0.6266,             0.59899,              0.3907,            0.038788,            0.013363,                   0,            0.005446,            0.005446,            0.005446
                 140,            0.025725,           0.0097829,                   0,             0.56749,             0.65625,             0.55653,             0.37007,            0.039496,            0.014504,                   0,            0.005413,            0.005413,            0.005413
                 141,             0.02532,           0.0094145,                   0,             0.57121,               0.625,             0.51846,              0.3162,            0.040584,            0.015815,                   0,             0.00538,             0.00538,             0.00538
                 142,            0.024433,            0.009932,                   0,             0.68116,             0.65625,             0.56616,             0.37968,            0.035293,            0.014006,                   0,            0.005347,            0.005347,            0.005347
                 143,            0.026979,            0.010142,                   0,             0.66553,             0.65625,             0.59998,             0.41288,            0.040174,             0.01358,                   0,            0.005314,            0.005314,            0.005314
                 144,            0.027779,           0.0093287,                   0,             0.59994,             0.60946,             0.57932,             0.37656,            0.042013,            0.014031,                   0,            0.005281,            0.005281,            0.005281
                 145,            0.024681,           0.0089995,                   0,             0.52696,              0.5625,             0.52215,             0.34504,            0.041355,            0.015631,                   0,            0.005248,            0.005248,            0.005248
                 146,            0.025572,           0.0099225,                   0,             0.65174,                 0.5,             0.55619,             0.35741,            0.039777,            0.015699,                   0,            0.005215,            0.005215,            0.005215
                 147,            0.023161,           0.0090908,                   0,             0.63144,             0.58907,             0.57494,             0.38136,            0.038886,            0.015506,                   0,            0.005182,            0.005182,            0.005182
                 148,            0.025112,           0.0093752,                   0,             0.61031,             0.63646,             0.58689,             0.38772,            0.037924,            0.015118,                   0,            0.005149,            0.005149,            0.005149
                 149,            0.026827,           0.0094058,                   0,             0.57513,             0.59227,             0.57865,             0.38107,            0.038099,            0.017584,                   0,            0.005116,            0.005116,            0.005116
                 150,            0.025118,           0.0095041,                   0,             0.56742,             0.57409,             0.55308,             0.37697,            0.038283,            0.017405,                   0,            0.005083,            0.005083,            0.005083
                 151,             0.02606,           0.0096651,                   0,             0.59711,               0.625,             0.57955,              0.3952,            0.043309,            0.015801,                   0,             0.00505,             0.00505,             0.00505
                 152,            0.025481,           0.0088125,                   0,             0.62796,             0.46875,             0.55083,             0.40547,            0.041833,            0.017001,                   0,            0.005017,            0.005017,            0.005017
                 153,            0.025147,           0.0093495,                   0,             0.58562,             0.59375,             0.57146,             0.42317,            0.041442,            0.015583,                   0,            0.004984,            0.004984,            0.004984
                 154,             0.02587,           0.0097843,                   0,             0.46581,             0.65405,             0.55647,             0.37836,              0.0386,            0.015199,                   0,            0.004951,            0.004951,            0.004951
                 155,            0.024174,           0.0091287,                   0,             0.49547,              0.5625,             0.51323,             0.33774,            0.040086,             0.01641,                   0,            0.004918,            0.004918,            0.004918
                 156,            0.024193,           0.0086808,                   0,             0.44208,              0.5625,             0.46455,             0.31705,            0.041342,            0.017603,                   0,            0.004885,            0.004885,            0.004885
                 157,            0.025293,           0.0085957,                   0,             0.49126,                 0.5,             0.49761,              0.3548,            0.039025,            0.017222,                   0,            0.004852,            0.004852,            0.004852
                 158,            0.023738,           0.0093792,                   0,             0.60296,               0.625,             0.56452,             0.39043,            0.038784,            0.015986,                   0,            0.004819,            0.004819,            0.004819
                 159,            0.025599,           0.0089027,                   0,             0.66445,               0.625,             0.56893,             0.37077,            0.040062,            0.014951,                   0,            0.004786,            0.004786,            0.004786
                 160,            0.022824,           0.0097425,                   0,             0.70191,             0.58883,             0.54423,             0.38038,            0.040697,            0.015301,                   0,            0.004753,            0.004753,            0.004753
                 161,            0.026442,           0.0089136,                   0,             0.66946,             0.56982,             0.53994,             0.38543,            0.041654,            0.015766,                   0,             0.00472,             0.00472,             0.00472
                 162,            0.023687,           0.0085821,                   0,             0.55925,              0.5948,             0.54496,             0.37762,            0.039081,            0.015562,                   0,            0.004687,            0.004687,            0.004687
                 163,            0.024972,           0.0089265,                   0,             0.56542,               0.625,             0.53399,             0.37508,            0.042648,             0.01691,                   0,            0.004654,            0.004654,            0.004654
                 164,            0.023953,           0.0094034,                   0,             0.61726,               0.605,             0.56925,             0.40837,             0.04045,            0.014305,                   0,            0.004621,            0.004621,            0.004621
                 165,            0.025869,           0.0099866,                   0,              0.6706,             0.53125,             0.55224,             0.42255,            0.038097,            0.014249,                   0,            0.004588,            0.004588,            0.004588
                 166,            0.023211,           0.0088115,                   0,             0.64097,                 0.5,             0.51588,             0.36753,            0.038702,            0.015685,                   0,            0.004555,            0.004555,            0.004555
                 167,            0.022451,           0.0085046,                   0,             0.63379,                 0.5,             0.51519,             0.37634,            0.040599,            0.015651,                   0,            0.004522,            0.004522,            0.004522
                 168,            0.024548,           0.0089332,                   0,             0.65268,                 0.5,             0.50028,             0.35836,            0.040146,            0.017471,                   0,            0.004489,            0.004489,            0.004489
                 169,            0.025303,           0.0095773,                   0,             0.62874,             0.53125,             0.54927,             0.39917,            0.038971,            0.015166,                   0,            0.004456,            0.004456,            0.004456
                 170,            0.025377,           0.0097251,                   0,             0.64623,             0.53125,             0.55131,             0.39216,             0.03916,            0.015282,                   0,            0.004423,            0.004423,            0.004423
                 171,            0.022386,           0.0084853,                   0,             0.59885,             0.65319,             0.53689,             0.37678,             0.03684,            0.015093,                   0,             0.00439,             0.00439,             0.00439
                 172,            0.023917,            0.009002,                   0,             0.59088,             0.65625,             0.53383,             0.35044,            0.037793,            0.015722,                   0,            0.004357,            0.004357,            0.004357
                 173,            0.024146,           0.0089764,                   0,             0.66543,             0.59375,             0.55698,             0.41158,            0.036437,            0.014965,                   0,            0.004324,            0.004324,            0.004324
                 174,            0.021177,           0.0090129,                   0,             0.63745,             0.59375,             0.55474,             0.40059,            0.035942,            0.014909,                   0,            0.004291,            0.004291,            0.004291
                 175,            0.022429,           0.0087852,                   0,             0.60371,               0.625,             0.56224,             0.38857,            0.037203,            0.015968,                   0,            0.004258,            0.004258,            0.004258
                 176,            0.025809,           0.0098354,                   0,             0.56545,             0.53125,              0.4984,             0.36635,            0.035949,            0.016632,                   0,            0.004225,            0.004225,            0.004225
                 177,             0.02196,           0.0080775,                   0,             0.56705,             0.53125,             0.47886,             0.33823,            0.038931,            0.018768,                   0,            0.004192,            0.004192,            0.004192
                 178,             0.02363,           0.0086839,                   0,             0.61012,             0.59375,             0.52688,               0.367,            0.036684,             0.01769,                   0,            0.004159,            0.004159,            0.004159
                 179,            0.021728,           0.0082026,                   0,              0.6029,             0.59375,             0.53281,             0.37335,            0.038447,            0.016464,                   0,            0.004126,            0.004126,            0.004126
                 180,            0.022786,           0.0087599,                   0,             0.61454,             0.54832,             0.51453,             0.36151,            0.040217,            0.016496,                   0,            0.004093,            0.004093,            0.004093
                 181,            0.023231,            0.008807,                   0,             0.59443,             0.54989,             0.53061,              0.3839,            0.041453,            0.017228,                   0,             0.00406,             0.00406,             0.00406
                 182,             0.02387,           0.0092945,                   0,             0.62816,             0.52803,             0.52346,             0.38372,            0.041055,            0.016751,                   0,            0.004027,            0.004027,            0.004027
                 183,            0.023451,           0.0086295,                   0,             0.45383,             0.59375,             0.48023,             0.33519,            0.039933,            0.016674,                   0,            0.003994,            0.003994,            0.003994
                 184,            0.022932,           0.0086768,                   0,             0.58205,             0.43529,              0.4612,             0.33676,            0.040845,            0.018852,                   0,            0.003961,            0.003961,            0.003961
                 185,            0.021939,           0.0084744,                   0,             0.52674,             0.53125,             0.48061,             0.35965,            0.038575,            0.017196,                   0,            0.003928,            0.003928,            0.003928
                 186,             0.02212,           0.0082675,                   0,             0.52202,             0.59375,             0.50963,             0.35359,            0.039515,            0.016376,                   0,            0.003895,            0.003895,            0.003895
                 187,            0.021328,           0.0084963,                   0,             0.57215,              0.5625,             0.49944,             0.36098,            0.040989,            0.017764,                   0,            0.003862,            0.003862,            0.003862
                 188,            0.022187,           0.0084709,                   0,             0.64715,              0.5625,              0.4895,             0.36001,            0.041247,            0.017666,                   0,            0.003829,            0.003829,            0.003829
                 189,            0.021065,           0.0092397,                   0,             0.70902,             0.53308,             0.49514,             0.36212,            0.038171,            0.017698,                   0,            0.003796,            0.003796,            0.003796
                 190,            0.022981,           0.0096419,                   0,             0.68356,              0.5625,             0.50628,             0.37096,            0.036432,            0.016258,                   0,            0.003763,            0.003763,            0.003763
                 191,            0.021576,           0.0083566,                   0,             0.70172,               0.625,             0.53819,             0.40465,            0.038158,            0.014543,                   0,             0.00373,             0.00373,             0.00373
                 192,            0.022512,           0.0090897,                   0,             0.61475,             0.59852,             0.54591,             0.41587,            0.037071,            0.014213,                   0,            0.003697,            0.003697,            0.003697
                 193,            0.022864,           0.0084401,                   0,             0.63182,             0.59375,             0.56546,             0.42004,             0.03797,            0.014958,                   0,            0.003664,            0.003664,            0.003664
                 194,            0.023173,           0.0087934,                   0,             0.55868,              0.5625,             0.51799,             0.38857,            0.038411,            0.016542,                   0,            0.003631,            0.003631,            0.003631
                 195,            0.021236,           0.0080571,                   0,             0.55383,             0.53125,             0.49405,             0.38156,            0.037958,            0.017482,                   0,            0.003598,            0.003598,            0.003598
                 196,             0.02097,           0.0086067,                   0,             0.58542,              0.4375,             0.47474,             0.34442,            0.040808,            0.018003,                   0,            0.003565,            0.003565,            0.003565
                 197,            0.022075,           0.0082656,                   0,             0.50986,              0.5625,             0.49812,             0.37264,            0.039308,             0.01719,                   0,            0.003532,            0.003532,            0.003532
                 198,            0.021452,           0.0081586,                   0,             0.57983,              0.5625,             0.51995,             0.39663,             0.03799,            0.015679,                   0,            0.003499,            0.003499,            0.003499
                 199,            0.020635,           0.0091425,                   0,              0.6327,              0.5625,             0.53755,             0.40475,            0.038269,            0.014766,                   0,            0.003466,            0.003466,            0.003466
                 200,            0.022273,           0.0084423,                   0,             0.61262,             0.54388,             0.56091,             0.41438,            0.038555,            0.014878,                   0,            0.003433,            0.003433,            0.003433
                 201,            0.021213,           0.0077379,                   0,             0.61145,              0.5625,             0.52376,             0.39818,            0.038276,            0.016873,                   0,              0.0034,              0.0034,              0.0034
                 202,            0.021217,           0.0081497,                   0,             0.54568,             0.53125,             0.49703,             0.37682,            0.041672,            0.019234,                   0,            0.003367,            0.003367,            0.003367
                 203,            0.021674,           0.0081323,                   0,             0.54081,             0.53125,             0.50457,              0.3731,            0.041921,            0.018583,                   0,            0.003334,            0.003334,            0.003334
                 204,            0.021842,           0.0086656,                   0,             0.54578,             0.53125,             0.51858,             0.37083,            0.039081,            0.017783,                   0,            0.003301,            0.003301,            0.003301
                 205,            0.024321,           0.0090693,                   0,             0.57862,             0.59375,             0.55174,             0.41073,            0.037794,            0.015975,                   0,            0.003268,            0.003268,            0.003268
                 206,            0.021309,            0.008154,                   0,             0.52623,              0.5625,              0.5373,              0.3879,            0.039817,            0.016766,                   0,            0.003235,            0.003235,            0.003235
                 207,            0.020029,           0.0078859,                   0,             0.51843,             0.53125,             0.49808,             0.35585,             0.04006,            0.017251,                   0,            0.003202,            0.003202,            0.003202
                 208,            0.021616,           0.0085512,                   0,             0.64384,             0.46875,             0.47991,             0.35692,             0.04063,            0.016749,                   0,            0.003169,            0.003169,            0.003169
                 209,            0.021445,           0.0093844,                   0,             0.62279,              0.5625,             0.49517,             0.34071,            0.040374,            0.014874,                   0,            0.003136,            0.003136,            0.003136
                 210,            0.021973,           0.0091753,                   0,             0.62046,             0.59375,             0.50634,             0.37284,            0.039033,            0.014793,                   0,            0.003103,            0.003103,            0.003103
                 211,            0.022257,           0.0081966,                   0,              0.6074,             0.53125,             0.51028,             0.39586,            0.038983,            0.015998,                   0,             0.00307,             0.00307,             0.00307
                 212,            0.021862,            0.007613,                   0,             0.57062,                 0.5,             0.48782,             0.37106,            0.039912,            0.017336,                   0,            0.003037,            0.003037,            0.003037
                 213,            0.021926,           0.0084124,                   0,             0.52357,               0.625,             0.52091,             0.38028,            0.040167,            0.016397,                   0,            0.003004,            0.003004,            0.003004
                 214,            0.021002,           0.0080641,                   0,              0.5035,              0.5625,             0.50455,             0.37688,            0.040853,            0.016652,                   0,            0.002971,            0.002971,            0.002971
                 215,            0.021873,           0.0088894,                   0,             0.60179,                 0.5,             0.47067,             0.34097,            0.041085,              0.0183,                   0,            0.002938,            0.002938,            0.002938
                 216,            0.021207,           0.0079878,                   0,             0.60097,                 0.5,             0.44654,             0.30635,            0.042401,            0.019589,                   0,            0.002905,            0.002905,            0.002905
                 217,            0.020078,           0.0086535,                   0,             0.65068,              0.4375,             0.43898,             0.29506,            0.041762,            0.020418,                   0,            0.002872,            0.002872,            0.002872
                 218,            0.019484,           0.0077274,                   0,             0.56471,             0.52715,             0.44307,             0.30529,              0.0414,            0.019842,                   0,            0.002839,            0.002839,            0.002839
                 219,             0.02078,           0.0083866,                   0,             0.57806,             0.55672,             0.47722,             0.33403,            0.041086,            0.018283,                   0,            0.002806,            0.002806,            0.002806
                 220,            0.019814,           0.0080462,                   0,             0.54706,              0.5625,             0.50482,             0.35515,            0.040979,            0.017271,                   0,            0.002773,            0.002773,            0.002773
                 221,            0.020957,           0.0084885,                   0,             0.60635,             0.59375,             0.52173,             0.37867,            0.041296,            0.016689,                   0,             0.00274,             0.00274,             0.00274
                 222,            0.021565,            0.008741,                   0,              0.6349,              0.5625,             0.52133,             0.36828,            0.041172,            0.016417,                   0,            0.002707,            0.002707,            0.002707
                 223,            0.020785,            0.007888,                   0,             0.65451,              0.5625,             0.52422,             0.35867,            0.040548,            0.016739,                   0,            0.002674,            0.002674,            0.002674
                 224,            0.019388,           0.0080112,                   0,             0.62313,             0.53125,             0.50031,             0.33575,            0.040676,            0.017598,                   0,            0.002641,            0.002641,            0.002641
                 225,            0.020072,           0.0077758,                   0,              0.6101,             0.46875,             0.46662,             0.32292,            0.040844,            0.018298,                   0,            0.002608,            0.002608,            0.002608
                 226,            0.020872,           0.0090588,                   0,             0.67287,             0.46875,             0.45892,             0.32661,            0.040918,            0.017756,                   0,            0.002575,            0.002575,            0.002575
                 227,             0.01933,           0.0083253,                   0,             0.59108,              0.4375,             0.44852,             0.34894,            0.041837,            0.016943,                   0,            0.002542,            0.002542,            0.002542
                 228,            0.019906,           0.0088048,                   0,             0.62022,             0.46875,             0.46735,             0.35141,            0.040546,            0.017338,                   0,            0.002509,            0.002509,            0.002509
                 229,            0.019649,           0.0087813,                   0,             0.61106,             0.46875,             0.46522,             0.34506,            0.040707,            0.017877,                   0,            0.002476,            0.002476,            0.002476
                 230,            0.018961,           0.0074108,                   0,             0.59257,             0.46875,             0.46566,             0.36772,            0.041018,            0.017734,                   0,            0.002443,            0.002443,            0.002443
                 231,             0.01924,           0.0079136,                   0,             0.60731,                 0.5,             0.47116,             0.37148,            0.042186,            0.017697,                   0,             0.00241,             0.00241,             0.00241
                 232,            0.020246,           0.0083444,                   0,             0.60193,                 0.5,             0.48816,             0.37916,            0.041415,            0.016884,                   0,            0.002377,            0.002377,            0.002377
                 233,            0.019857,            0.007757,                   0,             0.58748,             0.48981,             0.47195,             0.36098,            0.041103,            0.018156,                   0,            0.002344,            0.002344,            0.002344
                 234,            0.020071,           0.0087719,                   0,             0.58879,             0.49242,             0.46207,             0.34851,            0.040296,            0.019264,                   0,            0.002311,            0.002311,            0.002311
                 235,            0.017848,           0.0079639,                   0,              0.5728,              0.4375,              0.4417,             0.32498,            0.039526,            0.019686,                   0,            0.002278,            0.002278,            0.002278
                 236,            0.019881,           0.0082849,                   0,             0.49491,                 0.5,             0.42579,             0.31391,            0.038975,             0.01974,                   0,            0.002245,            0.002245,            0.002245
                 237,            0.018927,           0.0075342,                   0,              0.5481,              0.4375,             0.41956,             0.33452,            0.039888,            0.019031,                   0,            0.002212,            0.002212,            0.002212
